Title,Body,Status,Milestone,Priority,Size,Owner,Labels
"Approve vertical-slice scope","Review the scene proposal and record approval. Acceptance: protected core and cut order are agreed.","Ready","M0","P0","S","Producer","planning"
"Lock player verbs","Confirm move jump sword teleport and three guardian abilities. Acceptance: no additional critical verb is required.","Ready","M0","P0","S","Game Designer","design"
"Create Unity URP project shell","Create Unity 6 URP project folders Input Actions bootstrap scene and test scene. Enable Force Text serialization and Visible Meta Files. Acceptance: clean checkout opens without errors.","Backlog","M0","P0","M","Gameplay Programmer","engineering"
"Configure repository protections","Apply main branch protection squash merge and required review after publishing. Acceptance: direct pushes are blocked.","Backlog","M0","P1","S","Producer","repository"
"Implement player locomotion","Add run jump fall facing and animation hooks. Acceptance: controller meets greybox movement values.","Backlog","M1","P0","M","Gameplay Programmer","player"
"Constrain the 2.5D movement plane","Lock player enemies knockback and teleport destinations to the authored combat plane. Acceptance: no gameplay action drifts into depth.","Backlog","M1","P0","M","Gameplay Programmer","player"
"Build Cinemachine side-view rig","Create camera rail framing dead zones transitions and impulse settings. Acceptance: player and required destination stay visible in greybox rooms.","Backlog","M1","P0","M","Gameplay Programmer","camera"
"Implement teleport targeting","Add aim range destination preview and obstruction checks. Acceptance: marker communicates valid invalid and out-of-range states.","Backlog","M1","P0","L","Gameplay Programmer","teleport"
"Implement teleport execution","Add charges transit invulnerability arrival validation and recharge. Acceptance: 100 scripted attempts produce no clipping.","Backlog","M1","P0","L","Gameplay Programmer","teleport"
"Implement sword combat","Add combo hitbox hurtbox damage and charge restoration. Acceptance: confirmed hits restore the configured amount.","Backlog","M1","P0","L","Gameplay Programmer","combat"
"Add gamepad controls","Map movement aiming attack teleport and ability inputs. Acceptance: prototype is fully playable without mouse.","Backlog","M1","P0","M","Gameplay Programmer","input"
"Run teleport feel test","Test with three players on both input types. Acceptance: issues and tuning decisions are documented.","Backlog","M1","P1","M","QA","playtest"
"Build boss state-machine framework","Implement common intro select anticipation execution recovery stagger and death states. Acceptance: debug boss cycles through data-driven attacks.","Backlog","M2","P0","L","AI Programmer","boss"
"Build projectile pooling","Support straight tracking radial and portal-sequenced projectiles. Acceptance: pool reuses instances without errors.","Backlog","M2","P0","L","Gameplay Programmer","combat"
"Build elemental ability framework","Create data resources cooldowns tags and acquisition state. Acceptance: debug ability can apply and query an element.","Backlog","M2","P0","M","Gameplay Programmer","abilities"
"Build clue interactions","Support books stained glass mosaics and discovered state. Acceptance: clue prompt works on keyboard and gamepad.","Backlog","M2","P1","M","Gameplay Programmer","interaction"
"Greybox Ash Knight room","Create boundaries spawn points hazards and clue placement. Acceptance: full encounter route is navigable.","Backlog","M2","P0","M","Game Designer","level-design"
"Implement Ash Knight","Add burning armour water weakness three attacks and death reward. Acceptance: boss is defeatable only after armour exposure.","Backlog","M2","P0","L","AI Programmer","boss"
"Create reusable guardian placeholder models","Build low-poly silhouettes on shared rigs with readable attachments and telegraphs. Acceptance: states remain distinguishable at 1080p.","Backlog","M2","P1","L","3D Generalist","art"
"Build modular palace kit","Create up to 15 reusable floor wall arch pillar platform and cage meshes. Acceptance: kit can greybox all four combat rooms without unique room geometry.","Backlog","M2","P0","L","3D Generalist","art"
"Conduct first boss playtest","Five attempts across at least three players. Acceptance: telegraphs and water clue findings are recorded.","Backlog","M2","P0","M","QA","playtest"
"Implement Fire Dash","Modify teleport to damage tagged targets and fragile objects. Acceptance: power works in debug and production rooms.","Backlog","M3","P0","M","Gameplay Programmer","abilities"
"Implement Drowned Warden","Add flooding false bodies lightning stun and reward. Acceptance: encounter reset and success paths work.","Backlog","M3","P0","L","AI Programmer","boss"
"Implement Tidal Guard","Absorb one eligible projectile and expose cooldown feedback. Acceptance: cannot absorb hazards tagged unblockable.","Backlog","M3","P0","M","Gameplay Programmer","abilities"
"Implement Hollow Oracle","Add copies reflection reveal darkness pressure and reward. Acceptance: real form is deterministically discoverable.","Backlog","M3","P0","L","AI Programmer","boss"
"Implement Shadow Sight","Reveal hidden ritual and tagged world objects. Acceptance: transition and accessibility visuals are readable.","Backlog","M3","P0","M","Gameplay Programmer","abilities"
"Build modular guardian rooms","Reuse the palace kit with distinct lighting props and hazard silhouettes. Acceptance: all collision and teleport surfaces pass review.","Backlog","M3","P1","L","3D Generalist","art"
"Add checkpoint flow","Save guardian completion abilities and current room. Acceptance: death restarts at correct room with correct powers.","Backlog","M3","P0","M","Gameplay Programmer","systems"
"Create guardian audio pass","Add unique anticipation impact drain and victory cues. Acceptance: major attacks are identifiable without visuals.","Backlog","M3","P1","L","Audio Designer","audio"
"Greybox King chamber","Place cage seals platforms obstacles and teleport bounds. Acceptance: final route is complete without art.","Backlog","M4","P0","M","Game Designer","level-design"
"Implement King projectile director","Sequence tracking orbs beam portal barrage soul wave and memory shot. Acceptance: patterns are repeatable and tunable.","Backlog","M4","P0","L","AI Programmer","boss"
"Implement ritual seal logic","Connect three abilities to three seal states and objective update. Acceptance: no seal can be bypassed or soft-lock the scene.","Backlog","M4","P0","M","Gameplay Programmer","systems"
"Implement sorcerer finale","Add cage fall final traversal strike and ending trigger. Acceptance: scene reaches credits state.","Backlog","M4","P0","M","Gameplay Programmer","narrative"
"Create throne-room 3D art pass","Reuse the palace kit and produce the King cage ritual links platforms and final effects. Acceptance: cage remains readable during maximum barrage.","Backlog","M4","P1","L","3D Generalist","art"
"Create final encounter audio","Add projectile cues adaptive layers sorcerer warning and ritual reversal. Acceptance: cues remain distinct in full mix.","Backlog","M4","P1","L","Audio Designer","audio"
"Run end-to-end balance test","Collect completion time deaths damage and clue comprehension from five players. Acceptance: results inform final tuning list.","Backlog","M5","P0","L","QA","playtest"
"Fix P0 and P1 defects","Resolve or formally defer all high-priority defects. Acceptance: no open P0 issue and accepted P1 list.","Backlog","M5","P0","L","Gameplay Programmer","bug"
"Profile projectile performance","Measure maximum barrage at 1080p. Acceptance: stable target frame rate on agreed machine.","Backlog","M5","P0","M","Gameplay Programmer","performance"
"Complete accessibility pass","Add remapping aim assist screenshake toggle flash reduction and volume controls. Acceptance: settings persist across restart.","Backlog","M5","P1","L","Gameplay Programmer","accessibility"
"Package release build","Export Windows build include controls and known issues. Acceptance: clean-machine smoke test passes.","Backlog","M5","P0","M","Producer","release"
"Finalize submission documents","Proofread deliverables verify links and capture final evidence. Acceptance: submission package contains every required item.","Backlog","M5","P0","M","Producer","documentation"
